{"assets/CHANGELOG.md":["assets/CHANGELOG.md"],"assets/img/logo-128.png":["assets/img/logo-128.png"],"assets/img/logo-256.png":["assets/img/logo-256.png"],"assets/img/logo-32-black.png":["assets/img/logo-32-black.png"],"assets/img/logo-32-white.png":["assets/img/logo-32-white.png"],"assets/img/logo-32.png":["assets/img/logo-32.png"],"assets/img/logo-512.png":["assets/img/logo-512.png"],"assets/img/logo.ico":["assets/img/logo.ico"],"assets/web/error-403.html":["assets/web/error-403.html"],"assets/web/index.html":["assets/web/index.html"],"assets/web/main.js":["assets/web/main.js"],"packages/refena_inspector/assets/img/inspector-logo-512-white.webp":["packages/refena_inspector/assets/img/inspector-logo-512-white.webp"],"packages/wakelock_plus/assets/no_sleep.js":["packages/wakelock_plus/assets/no_sleep.js"],"packages/window_manager/images/ic_chrome_close.png":["packages/window_manager/images/ic_chrome_close.png"],"packages/window_manager/images/ic_chrome_maximize.png":["packages/window_manager/images/ic_chrome_maximize.png"],"packages/window_manager/images/ic_chrome_minimize.png":["packages/window_manager/images/ic_chrome_minimize.png"],"packages/window_manager/images/ic_chrome_unmaximize.png":["packages/window_manager/images/ic_chrome_unmaximize.png"],"packages/yaru/src/text/fonts/Ubuntu-B.ttf":["packages/yaru/src/text/fonts/Ubuntu-B.ttf"],"packages/yaru/src/text/fonts/Ubuntu-BI.ttf":["packages/yaru/src/text/fonts/Ubuntu-BI.ttf"],"packages/yaru/src/text/fonts/Ubuntu-L.ttf":["packages/yaru/src/text/fonts/Ubuntu-L.ttf"],"packages/yaru/src/text/fonts/Ubuntu-LI.ttf":["packages/yaru/src/text/fonts/Ubuntu-LI.ttf"],"packages/yaru/src/text/fonts/Ubuntu-M.ttf":["packages/yaru/src/text/fonts/Ubuntu-M.ttf"],"packages/yaru/src/text/fonts/Ubuntu-MI.ttf":["packages/yaru/src/text/fonts/Ubuntu-MI.ttf"],"packages/yaru/src/text/fonts/Ubuntu-R.ttf":["packages/yaru/src/text/fonts/Ubuntu-R.ttf"],"packages/yaru/src/text/fonts/Ubuntu-RI.ttf":["packages/yaru/src/text/fonts/Ubuntu-RI.ttf"]}